{
  "opening_weekend": {
    "RMSE": 53819192.1474142,
    "MAE": 33418119.326524865,
    "R2": 0.842938393901388
  },
  "revenue": {
    "RMSE": 103124944.45239983,
    "MAE": 65884595.53155707,
    "R2": 0.8684169118714448
  }
}